<Page loaded="pageLoaded" class="page" xmlns="http://www.nativescript.org/tns.xsd" xmlns:sd="nativescript-ui-sidedrawer"
 xmlns:sideDr="components/sideDrawer">

	<ActionBar title="" class="action-bar header">
		<StackLayout orientation="horizontal" height="38" alignItems="left" class="actionBarContainer">
			<StackLayout class="HLeft" style="margin-top:10;" tap="{{ toggleDrawer }}">
				<Label text="{{drawerTrigger}}"  style="font-size:27;color:#fff;" class="font-awesome"/>
			</StackLayout>
			<StackLayout class="HMid" alignItems="left">
				<TextField id="searchField" editable="true" hint="      Search" returnKeyType="search" ios:height="30" ios:marginTop="3" android:paddingBottom="5" class="searchField font-awesome"
				 color="#fff" placeholder-color="#fff" />
			</StackLayout>
			<StackLayout class="HRight">
		
			</StackLayout>
		</StackLayout>
	
	</ActionBar>

		<sd:RadSideDrawer id="sideDrawer" drawerOpened="{{onDrawerOpened}}" drawerClosed="{{onDrawerClosed}}">
		
			<!-- side drawer content -->
			<sd:RadSideDrawer.drawerContent>
					<StackLayout class="sideDrawerContainer">
		                <sideDr:sd/>
		            </StackLayout>
		        </sd:RadSideDrawer.drawerContent>


		
		<!-- The main content -->
		<sd:RadSideDrawer.mainContent>
		<DockLayout>

		<StackLayout dock="top" height="90%" width="100%" style="">
			<ListView items="{{conversations}}" height="100%" separatorColor="transparent">
				<ListView.itemTemplate>
					<StackLayout orientation="horizontal" style="border-bottom-width:1;border-bottom-color:#E4E4E4;" padding="10">
						<StackLayout width="20%">
							<Image src="{{convFriendImg}}" stretch="aspectFill" class="conImg" />
						</StackLayout>
						<StackLayout marginLeft="10" paddingTop="3" width="50%">
							<Label text="{{convFriendName}}" class="{{'convFriendName ' + read}}" />
														<Label text="{{convText}}" class="{{'convTextOut ' + read}}" />
													</StackLayout>
													<StackLayout marginLeft="10" paddingTop="3" width="60%">
														<Label text="{{convDate}}"  class="{{ 'convDateOut ' + read }}" />
														<Label text="" visibility="{{seenVisibility}}" style="font-size:17;text-align:center;margin-top:12;color:#1aa3ff;" class="font-awesome"/>		
													</StackLayout>
												</StackLayout>
												
								</ListView.itemTemplate>
							</ListView>
		</StackLayout>
		<StackLayout dock="bottom" height="10%" style="border-color:#E4E4E4;border-width:1;background:#fff;">
			<StackLayout orientation="horizontal">
				<StackLayout class="navItem" tap="{{ homeTap }}">
					<Label text="" android:class="notificationAndroid" ios:class="notification" opacity="0"/>
					<Label text="" color="{{ mainColor }}" android:style="font-size:25;margin-top:-15" ios:style="font-size:30;margin-top:-15" class="font-awesome"/>
				</StackLayout>
				<StackLayout class="navItem" tap="{{ profileTap }}">
					<Label text="" android:class="notificationAndroid" ios:class="notification" opacity="0"/>
					<Label text="" color="{{ profileColor }}" android:style="font-size:25;margin-top:-15" ios:style="font-size:30;margin-top:-15" class="font-awesome"/>
				</StackLayout>
				<StackLayout class="navItem" tap="{{ conversationsTap }}">
					<Label text="1" android:class="notificationAndroid" ios:class="notification"  />
					<Label text="" color="{{ convColor }}" android:style="font-size:25;margin-top:-15" ios:style="font-size:30;margin-top:-15" class="font-awesome"/>
				</StackLayout>
				<StackLayout class="navItem" tap="{{ notificationsTap }}">
					<Label text="0" android:class="notificationAndroid" ios:class="notification" opacity="0"/>
					<Label text="" android:style="font-size:23;margin-top:-15" ios:style="font-size:29;margin-top:-15" class="font-awesome"/>
				</StackLayout>

			</StackLayout>
		</StackLayout>
		</DockLayout>
	</sd:RadSideDrawer.mainContent>
	
	</sd:RadSideDrawer>
</Page>