<Page loaded="pageLoaded" class="page" xmlns="http://www.nativescript.org/tns.xsd" xmlns:sd="nativescript-ui-sidedrawer"
 xmlns:sideDr="components/sideDrawer">

	<ActionBar title="" class="action-bar header">
		<StackLayout orientation="horizontal" height="38" alignItems="left" class="actionBarContainer">
			<StackLayout class="HLeft" style="margin-top:10;" tap="{{ toggleDrawer }}">
				<Label text="{{drawerTrigger}}"  style="font-size:27;color:#fff;" class="font-awesome"/>
			</StackLayout>
			<StackLayout class="HMid" alignItems="left">
				<TextField id="searchField" editable="true" hint="      Search" returnKeyType="search" ios:height="30" ios:marginTop="3" android:paddingBottom="5" class="searchField font-awesome"
				 color="#fff" placeholder-color="#fff" />
			</StackLayout>
			<StackLayout class="HRight">
		
			</StackLayout>
		</StackLayout>
	
	</ActionBar>

		<sd:RadSideDrawer id="sideDrawer" drawerOpened="{{onDrawerOpened}}" drawerClosed="{{onDrawerClosed}}">
		
			<!-- side drawer content -->
			<sd:RadSideDrawer.drawerContent>
					<StackLayout class="sideDrawerContainer">
		                <sideDr:sd/>
		            </StackLayout>
		        </sd:RadSideDrawer.drawerContent>


		
		<!-- The main content -->
		<sd:RadSideDrawer.mainContent>
		<DockLayout>

		
		
		<StackLayout dock="top" height="90%" width="100%" style="">
			<ListView items="{{ homePosts }}" loaded="{{ onListViewLoaded }}" height="100%" backgroundColor="#E8E8E8" separatorColor="transparent"
			 id="listView">
				<ListView.itemTemplate>
					<StackLayout paddingTop="5" backgroundColor="#E8E8E8">
						<StackLayout class="postContainer">
							<StackLayout orientation="horizontal" padding="10">
								<Image src="{{ authorImg }}" stretch="aspectFill" class="postImageSmall" />
								<StackLayout>
									<Label text="{{ autorName }}" class="postAuthotName" />
																<Label text="{{ date }}" class="postDateSmall" />
															</StackLayout>
														</StackLayout>
														<Label marginLeft="10" marginRight="10" class="postTitle" text="{{ title }}" />
														<Image src="{{ postImg }}" marginTop="10" />
														<StackLayout orientation="horizontal" padding="10" marginLeft="10%">
															<Label text=" " style="font-size:18;margin-top:-1;" color="{{color}}" class="font-awesome"/>
															<Label text="{{ likes }}" style="font-size:12;color:#1aa3ff;" />
															<Label text=" " style="font-size:19;margin-left:23%;margin-top:-3;color:#747474;" class="font-awesome"/>
															<Label text="{{ comments }}" style="font-size:12;color:#1aa3ff;" />
															<Label text=" " style="font-size:22;margin-left:23%;margin-top:-3;color:#747474;" class="font-awesome"/>
															<Label text="{{ reposts }}" style="font-size:12;color:#1aa3ff;" />
														</StackLayout>
													</StackLayout>
									</StackLayout>
								</ListView.itemTemplate>
							</ListView>
		</StackLayout>
		<StackLayout dock="bottom" height="10%" style="border-color:#E4E4E4;border-width:1;background:#fff;">
			<StackLayout orientation="horizontal">
				<StackLayout class="navItem" tap="{{ homeTap }}">
					<Label text="" android:class="notificationAndroid" ios:class="notification" opacity="0"/>
					<Label text="" color="{{ mainColor }}" android:style="font-size:25;margin-top:-15" ios:style="font-size:30;margin-top:-15" class="font-awesome"/>
				</StackLayout>
				<StackLayout class="navItem" tap="{{ profileTap }}">
					<Label text="" android:class="notificationAndroid" ios:class="notification" opacity="0"/>
					<Label text="" color="{{ profileColor }}" android:style="font-size:25;margin-top:-15" ios:style="font-size:30;margin-top:-15" class="font-awesome"/>
				</StackLayout>
				<StackLayout class="navItem" tap="{{ conversationsTap }}">
					<Label text="1" android:class="notificationAndroid" ios:class="notification"  />
					<Label text="" android:style="font-size:25;margin-top:-15" ios:style="font-size:30;margin-top:-15" class="font-awesome"/>
				</StackLayout>
				<StackLayout class="navItem" tap="{{ notificationsTap }}">
					<Label text="0" android:class="notificationAndroid" ios:class="notification" opacity="0"/>
					<Label text="" android:style="font-size:23;margin-top:-15" ios:style="font-size:29;margin-top:-15" class="font-awesome"/>
				</StackLayout>

			</StackLayout>
		</StackLayout>
		</DockLayout>
	</sd:RadSideDrawer.mainContent>
	
	</sd:RadSideDrawer>
</Page>